<?xml version="1.0" standalone="yes"?>
<Kotor_ItemProperties_File>
  <Table1>
    <Property>Alignment Limitation</Property>
    <Subtype>Light Side</Subtype>
    <CostTable>Base1</CostTable>
    <CostValue>n/a</CostValue>
    <Param1>n/a</Param1>
    <Param2>n/a</Param2>
    <Param2Value>n/a</Param2Value>
    <Upgrade>n/a</Upgrade>
    <_x0025__x0020_Chance_x0020_of_x0020_Appearance>100</_x0025__x0020_Chance_x0020_of_x0020_Appearance>
    <PropertyID>43</PropertyID>
    <SubtypeID>2</SubtypeID>
    <CostTableID>0</CostTableID>
    <CostValueID>0</CostValueID>
    <Param1ID>255</Param1ID>
    <Param1ValueID>0</Param1ValueID>
    <Param2ID>-1</Param2ID>
    <Param2ValueID>-1</Param2ValueID>
    <UpgradeID>-1</UpgradeID>
  </Table1>
  <Table1>
    <Property>Attribute Bonus</Property>
    <Subtype>Wisdom</Subtype>
    <CostTable>Bonus</CostTable>
    <CostValue>+5</CostValue>
    <Param1>n/a</Param1>
    <Param2>n/a</Param2>
    <Param2Value>n/a</Param2Value>
    <Upgrade>n/a</Upgrade>
    <_x0025__x0020_Chance_x0020_of_x0020_Appearance>100</_x0025__x0020_Chance_x0020_of_x0020_Appearance>
    <PropertyID>0</PropertyID>
    <SubtypeID>4</SubtypeID>
    <CostTableID>1</CostTableID>
    <CostValueID>5</CostValueID>
    <Param1ID>255</Param1ID>
    <Param1ValueID>0</Param1ValueID>
    <Param2ID>-1</Param2ID>
    <Param2ValueID>-1</Param2ValueID>
    <UpgradeID>-1</UpgradeID>
  </Table1>
  <Table1>
    <Property>Improved Force Resistance</Property>
    <CostTable>SpellResist</CostTable>
    <CostValue>Bonus 30</CostValue>
    <Param1>n/a</Param1>
    <Param1Value>(none)</Param1Value>
    <Param2>n/a</Param2>
    <Param2Value>(none)</Param2Value>
    <Upgrade>n/a</Upgrade>
    <_x0025__x0020_Chance_x0020_of_x0020_Appearance>100</_x0025__x0020_Chance_x0020_of_x0020_Appearance>
    <PropertyID>25</PropertyID>
    <SubtypeID>0</SubtypeID>
    <CostTableID>11</CostTableID>
    <CostValueID>10</CostValueID>
    <Param1ID>255</Param1ID>
    <Param1ValueID>0</Param1ValueID>
    <Param2ID>-1</Param2ID>
    <Param2ValueID>-1</Param2ValueID>
    <UpgradeID>-1</UpgradeID>
  </Table1>
  <Table1>
    <Property>Immunity</Property>
    <Subtype>Stun, Fear, Horror</Subtype>
    <CostTable>Base1</CostTable>
    <CostValue>n/a</CostValue>
    <Param1>n/a</Param1>
    <Param2>n/a</Param2>
    <Param2Value>n/a</Param2Value>
    <Upgrade>n/a</Upgrade>
    <_x0025__x0020_Chance_x0020_of_x0020_Appearance>100</_x0025__x0020_Chance_x0020_of_x0020_Appearance>
    <PropertyID>24</PropertyID>
    <SubtypeID>2</SubtypeID>
    <CostTableID>0</CostTableID>
    <CostValueID>2</CostValueID>
    <Param1ID>255</Param1ID>
    <Param1ValueID>0</Param1ValueID>
    <Param2ID>-1</Param2ID>
    <Param2ValueID>-1</Param2ValueID>
    <UpgradeID>-1</UpgradeID>
  </Table1>
  <Table1>
    <Property>Regenerate Force Points</Property>
    <Subtype />
    <CostTable>Melee</CostTable>
    <CostValue>3</CostValue>
    <Param1>n/a</Param1>
    <Param2>n/a</Param2>
    <Param2Value>n/a</Param2Value>
    <Upgrade>n/a</Upgrade>
    <_x0025__x0020_Chance_x0020_of_x0020_Appearance>100</_x0025__x0020_Chance_x0020_of_x0020_Appearance>
    <PropertyID>54</PropertyID>
    <SubtypeID>0</SubtypeID>
    <CostTableID>2</CostTableID>
    <CostValueID>3</CostValueID>
    <Param1ID>255</Param1ID>
    <Param1ValueID>0</Param1ValueID>
    <Param2ID>-1</Param2ID>
    <Param2ValueID>-1</Param2ValueID>
    <UpgradeID>-1</UpgradeID>
  </Table1>
  <Table1>
    <Property>Damage Immunity</Property>
    <Subtype>Light Side</Subtype>
    <CostTable>Immune</CostTable>
    <CostValue>10%</CostValue>
    <Param1>n/a</Param1>
    <Param2>n/a</Param2>
    <Param2Value>n/a</Param2Value>
    <Upgrade>n/a</Upgrade>
    <_x0025__x0020_Chance_x0020_of_x0020_Appearance>100</_x0025__x0020_Chance_x0020_of_x0020_Appearance>
    <PropertyID>14</PropertyID>
    <SubtypeID>6</SubtypeID>
    <CostTableID>5</CostTableID>
    <CostValueID>2</CostValueID>
    <Param1ID>255</Param1ID>
    <Param1ValueID>0</Param1ValueID>
    <Param2ID>-1</Param2ID>
    <Param2ValueID>-1</Param2ValueID>
    <UpgradeID>-1</UpgradeID>
  </Table1>
  <Table1>
    <Property>Damage Bonus</Property>
    <Subtype>Light Side</Subtype>
    <CostTable>Damage</CostTable>
    <CostValue>3</CostValue>
    <Param1>n/a</Param1>
    <Param2>n/a</Param2>
    <Param2Value>n/a</Param2Value>
    <Upgrade>n/a</Upgrade>
    <_x0025__x0020_Chance_x0020_of_x0020_Appearance>100</_x0025__x0020_Chance_x0020_of_x0020_Appearance>
    <PropertyID>11</PropertyID>
    <SubtypeID>6</SubtypeID>
    <CostTableID>4</CostTableID>
    <CostValueID>3</CostValueID>
    <Param1ID>255</Param1ID>
    <Param1ValueID>0</Param1ValueID>
    <Param2ID>-1</Param2ID>
    <Param2ValueID>-1</Param2ValueID>
    <UpgradeID>-1</UpgradeID>
  </Table1>
  <Table1>
    <Property>Immunity</Property>
    <Subtype>Poison</Subtype>
    <CostTable>Base1</CostTable>
    <CostValue>n/a</CostValue>
    <Param1>n/a</Param1>
    <Param2>n/a</Param2>
    <Param2Value>n/a</Param2Value>
    <Upgrade>n/a</Upgrade>
    <_x0025__x0020_Chance_x0020_of_x0020_Appearance>100</_x0025__x0020_Chance_x0020_of_x0020_Appearance>
    <PropertyID>24</PropertyID>
    <SubtypeID>3</SubtypeID>
    <CostTableID>0</CostTableID>
    <CostValueID>3</CostValueID>
    <Param1ID>255</Param1ID>
    <Param1ValueID>0</Param1ValueID>
    <Param2ID>-1</Param2ID>
    <Param2ValueID>-1</Param2ValueID>
    <UpgradeID>-1</UpgradeID>
  </Table1>
  <Table1>
    <Property>Blaster Bolt Deflection: Increase</Property>
    <CostTable>Bonus</CostTable>
    <CostValue>+3</CostValue>
    <Param1>n/a</Param1>
    <Param1Value>(none)</Param1Value>
    <Param2>n/a</Param2>
    <Param2Value>(none)</Param2Value>
    <Upgrade />
    <_x0025__x0020_Chance_x0020_of_x0020_Appearance>100</_x0025__x0020_Chance_x0020_of_x0020_Appearance>
    <PropertyID>55</PropertyID>
    <SubtypeID>0</SubtypeID>
    <CostTableID>1</CostTableID>
    <CostValueID>3</CostValueID>
    <Param1ID>255</Param1ID>
    <Param1ValueID>0</Param1ValueID>
    <Param2ID>-1</Param2ID>
    <Param2ValueID>-1</Param2ValueID>
    <UpgradeID>-1</UpgradeID>
  </Table1>
</Kotor_ItemProperties_File>