<?xml version="1.0" standalone="yes"?>
<Kotor_ItemProperties_File>
  <Table1>
    <Property>Damage Immunity</Property>
    <Subtype>Electrical</Subtype>
    <CostTable>Immune</CostTable>
    <CostValue>15%</CostValue>
    <Param1>n/a</Param1>
    <Param2>n/a</Param2>
    <Param2Value>n/a</Param2Value>
    <Upgrade>n/a</Upgrade>
    <_x0025__x0020_Chance_x0020_of_x0020_Appearance>100</_x0025__x0020_Chance_x0020_of_x0020_Appearance>
    <PropertyID>14</PropertyID>
    <SubtypeID>7</SubtypeID>
    <CostTableID>5</CostTableID>
    <CostValueID>8</CostValueID>
    <Param1ID>255</Param1ID>
    <Param1ValueID>0</Param1ValueID>
    <Param2ID>-1</Param2ID>
    <Param2ValueID>-1</Param2ValueID>
    <UpgradeID>-1</UpgradeID>
  </Table1>
  <Table1>
    <Property>Blaster Bolt Deflection: Increase</Property>
    <CostTable>Bonus</CostTable>
    <CostValue>+2</CostValue>
    <Param1>n/a</Param1>
    <Param1Value>(none)</Param1Value>
    <Param2>n/a</Param2>
    <Param2Value>(none)</Param2Value>
    <Upgrade>n/a</Upgrade>
    <_x0025__x0020_Chance_x0020_of_x0020_Appearance>100</_x0025__x0020_Chance_x0020_of_x0020_Appearance>
    <PropertyID>55</PropertyID>
    <SubtypeID>0</SubtypeID>
    <CostTableID>1</CostTableID>
    <CostValueID>2</CostValueID>
    <Param1ID>255</Param1ID>
    <Param1ValueID>0</Param1ValueID>
    <Param2ID>-1</Param2ID>
    <Param2ValueID>-1</Param2ValueID>
    <UpgradeID>-1</UpgradeID>
  </Table1>
  <Table1>
    <Property>Damage Immunity</Property>
    <Subtype>Ion</Subtype>
    <CostTable>Immune</CostTable>
    <CostValue>75%</CostValue>
    <Param1>n/a</Param1>
    <Param2>n/a</Param2>
    <Param2Value>n/a</Param2Value>
    <Upgrade>n/a</Upgrade>
    <_x0025__x0020_Chance_x0020_of_x0020_Appearance>100</_x0025__x0020_Chance_x0020_of_x0020_Appearance>
    <PropertyID>14</PropertyID>
    <SubtypeID>11</SubtypeID>
    <CostTableID>5</CostTableID>
    <CostValueID>5</CostValueID>
    <Param1ID>255</Param1ID>
    <Param1ValueID>0</Param1ValueID>
    <Param2ID>-1</Param2ID>
    <Param2ValueID>-1</Param2ValueID>
    <UpgradeID>-1</UpgradeID>
  </Table1>
  <Table1>
    <Property>Damage Immunity</Property>
    <Subtype>Sonic</Subtype>
    <CostTable>Immune</CostTable>
    <CostValue>90%</CostValue>
    <Param1>n/a</Param1>
    <Param2>n/a</Param2>
    <Param2Value>n/a</Param2Value>
    <Upgrade>n/a</Upgrade>
    <_x0025__x0020_Chance_x0020_of_x0020_Appearance>100</_x0025__x0020_Chance_x0020_of_x0020_Appearance>
    <PropertyID>14</PropertyID>
    <SubtypeID>10</SubtypeID>
    <CostTableID>5</CostTableID>
    <CostValueID>6</CostValueID>
    <Param1ID>255</Param1ID>
    <Param1ValueID>0</Param1ValueID>
    <Param2ID>-1</Param2ID>
    <Param2ValueID>-1</Param2ValueID>
    <UpgradeID>-1</UpgradeID>
  </Table1>
  <Table1>
    <Property>Immunity</Property>
    <Subtype>Poison</Subtype>
    <CostTable>None</CostTable>
    <CostValue>Poison</CostValue>
    <Param1>n/a</Param1>
    <Param1Value>(none)</Param1Value>
    <Param2>n/a</Param2>
    <Param2Value>(none)</Param2Value>
    <Upgrade>n/a</Upgrade>
    <_x0025__x0020_Chance_x0020_of_x0020_Appearance>100</_x0025__x0020_Chance_x0020_of_x0020_Appearance>
    <PropertyID>24</PropertyID>
    <SubtypeID>3</SubtypeID>
    <CostTableID>0</CostTableID>
    <CostValueID>3</CostValueID>
    <Param1ID>255</Param1ID>
    <Param1ValueID>0</Param1ValueID>
    <Param2ID>-1</Param2ID>
    <Param2ValueID>-1</Param2ValueID>
    <UpgradeID>-1</UpgradeID>
  </Table1>
  <Table1>
    <Property>Feat Required</Property>
    <Subtype>Armor Proficiency: Medium</Subtype>
    <CostTable>Base1</CostTable>
    <CostValue>n/a</CostValue>
    <Param1>n/a</Param1>
    <Param2>n/a</Param2>
    <Param2Value>n/a</Param2Value>
    <Upgrade>n/a</Upgrade>
    <_x0025__x0020_Chance_x0020_of_x0020_Appearance>100</_x0025__x0020_Chance_x0020_of_x0020_Appearance>
    <PropertyID>57</PropertyID>
    <SubtypeID>6</SubtypeID>
    <CostTableID>0</CostTableID>
    <CostValueID>6</CostValueID>
    <Param1ID>255</Param1ID>
    <Param1ValueID>0</Param1ValueID>
    <Param2ID>-1</Param2ID>
    <Param2ValueID>-1</Param2ValueID>
    <UpgradeID>-1</UpgradeID>
  </Table1>
  <Table1>
    <Property>Regeneration</Property>
    <CostTable>Melee</CostTable>
    <CostValue>4</CostValue>
    <Param1>n/a</Param1>
    <Param1Value>(none)</Param1Value>
    <Param2>n/a</Param2>
    <Param2Value>(none)</Param2Value>
    <Upgrade>n/a</Upgrade>
    <_x0025__x0020_Chance_x0020_of_x0020_Appearance>100</_x0025__x0020_Chance_x0020_of_x0020_Appearance>
    <PropertyID>35</PropertyID>
    <SubtypeID>0</SubtypeID>
    <CostTableID>2</CostTableID>
    <CostValueID>4</CostValueID>
    <Param1ID>255</Param1ID>
    <Param1ValueID>0</Param1ValueID>
    <Param2ID>-1</Param2ID>
    <Param2ValueID>-1</Param2ValueID>
    <UpgradeID>-1</UpgradeID>
  </Table1>
  <Table1>
    <Property>Immunity</Property>
    <Subtype>Critical Hits</Subtype>
    <CostTable>Base1</CostTable>
    <CostValue>n/a</CostValue>
    <Param1>n/a</Param1>
    <Param2>n/a</Param2>
    <Param2Value>n/a</Param2Value>
    <Upgrade>n/a</Upgrade>
    <_x0025__x0020_Chance_x0020_of_x0020_Appearance>100</_x0025__x0020_Chance_x0020_of_x0020_Appearance>
    <PropertyID>24</PropertyID>
    <SubtypeID>8</SubtypeID>
    <CostTableID>0</CostTableID>
    <CostValueID>8</CostValueID>
    <Param1ID>255</Param1ID>
    <Param1ValueID>0</Param1ValueID>
    <Param2ID>-1</Param2ID>
    <Param2ValueID>-1</Param2ValueID>
    <UpgradeID>-1</UpgradeID>
  </Table1>
</Kotor_ItemProperties_File>