<?xml version="1.0" standalone="yes"?>
<Kotor_ItemProperties_File>
  <Table1>
    <Property>Attribute Bonus</Property>
    <Subtype>Dexterity</Subtype>
    <CostTable>Bonus</CostTable>
    <CostValue>+1</CostValue>
    <Param1>n/a</Param1>
    <Param1Value>(none)</Param1Value>
    <Param2>n/a</Param2>
    <Param2Value>(none)</Param2Value>
    <Upgrade>n/a</Upgrade>
    <_x0025__x0020_Chance_x0020_of_x0020_Appearance>100</_x0025__x0020_Chance_x0020_of_x0020_Appearance>
    <PropertyID>0</PropertyID>
    <SubtypeID>1</SubtypeID>
    <CostTableID>1</CostTableID>
    <CostValueID>1</CostValueID>
    <Param1ID>255</Param1ID>
    <Param1ValueID>0</Param1ValueID>
    <Param2ID>-1</Param2ID>
    <Param2ValueID>-1</Param2ValueID>
    <UpgradeID>-1</UpgradeID>
  </Table1>
  <Table1>
    <Property>Bonus Feat</Property>
    <Subtype>Targeting I</Subtype>
    <CostTable>None</CostTable>
    <CostValue>Targeting I</CostValue>
    <Param1>n/a</Param1>
    <Param1Value>(none)</Param1Value>
    <Param2>n/a</Param2>
    <Param2Value>(none)</Param2Value>
    <Upgrade>n/a</Upgrade>
    <_x0025__x0020_Chance_x0020_of_x0020_Appearance>100</_x0025__x0020_Chance_x0020_of_x0020_Appearance>
    <PropertyID>9</PropertyID>
    <SubtypeID>126</SubtypeID>
    <CostTableID>0</CostTableID>
    <CostValueID>126</CostValueID>
    <Param1ID>255</Param1ID>
    <Param1ValueID>0</Param1ValueID>
    <Param2ID>-1</Param2ID>
    <Param2ValueID>-1</Param2ValueID>
    <UpgradeID>-1</UpgradeID>
  </Table1>
  <Table1>
    <Property>Bonus Feat</Property>
    <Subtype>Targeting II</Subtype>
    <CostTable>None</CostTable>
    <CostValue>Targeting II</CostValue>
    <Param1>n/a</Param1>
    <Param1Value>(none)</Param1Value>
    <Param2>n/a</Param2>
    <Param2Value>(none)</Param2Value>
    <Upgrade>n/a</Upgrade>
    <_x0025__x0020_Chance_x0020_of_x0020_Appearance>100</_x0025__x0020_Chance_x0020_of_x0020_Appearance>
    <PropertyID>9</PropertyID>
    <SubtypeID>127</SubtypeID>
    <CostTableID>0</CostTableID>
    <CostValueID>127</CostValueID>
    <Param1ID>255</Param1ID>
    <Param1ValueID>0</Param1ValueID>
    <Param2ID>-1</Param2ID>
    <Param2ValueID>-1</Param2ValueID>
    <UpgradeID>-1</UpgradeID>
  </Table1>
  <Table1>
    <Property>Bonus Feat</Property>
    <Subtype>Precise Shot I</Subtype>
    <CostTable>None</CostTable>
    <CostValue>Precise Shot I</CostValue>
    <Param1>n/a</Param1>
    <Param1Value>(none)</Param1Value>
    <Param2>n/a</Param2>
    <Param2Value>(none)</Param2Value>
    <Upgrade />
    <_x0025__x0020_Chance_x0020_of_x0020_Appearance>100</_x0025__x0020_Chance_x0020_of_x0020_Appearance>
    <PropertyID>9</PropertyID>
    <SubtypeID>240</SubtypeID>
    <CostTableID>0</CostTableID>
    <CostValueID>240</CostValueID>
    <Param1ID>255</Param1ID>
    <Param1ValueID>0</Param1ValueID>
    <Param2ID>-1</Param2ID>
    <Param2ValueID>-1</Param2ValueID>
    <UpgradeID>-1</UpgradeID>
  </Table1>
</Kotor_ItemProperties_File>